{
  "ARUSDT": {
    "timeframes": [5],
    "main_timeframe": 5,
    "strategy_type": "trend",
    "trend_filter": true,
    "entry_conditions": {
      "rsi_threshold": 30,
      "macd_hist_cross": true,
      "adx_min": 25,
      "volume_filter": 1.3
    },
    "risk": {
      "leverage": 5,
      "maker_fee": 0.0001,
      "taker_fee": 0.0006,
      "expected_maker_ratio": 0.6,
      "slippage_rate": 0.0008
    },
    "tp_mult": 1.5,
    "sl_mult": 1.0,
    "use_trailing_stop": true,
    "trailing_atr_mult": 2.0,
    "entry_splits": [1.0, 0.995],
    "tp_strategy": [
      { "tp_mult":1.0, "close_ratio":0.5 },
      { "tp_mult":1.5, "close_ratio":0.3 }
    ],
    "exit": {
      "type": "time",
      "bars": 15
    }
  }
}
