{
  "AVAXUSDT": {
    "timeframes": [15,5],
    "main_timeframe": 15,
    "strategy_type": "trend",
    "trend_filter": true,
    "entry_conditions": {
      "rsi_threshold": 28,
      "macd_hist_cross": false,
      "adx_min": 25,
      "volume_filter": 1.1
    },
    "risk": {
      "leverage": 4,
      "maker_fee": 0.0001,
      "taker_fee": 0.0006,
      "expected_maker_ratio": 0.6,
      "slippage_rate": 0.0005
    },
    "tp_mult": 2.5,
    "sl_mult": 1.2,
    "use_trailing_stop": true,
    "trailing_atr_mult": 2.5,
    "entry_splits": [1.0],
    "tp_strategy": [
      { "tp_mult":1.5, "close_ratio":0.4 },
      { "tp_mult":2.5, "close_ratio":0.3 }
    ],
    "exit": {
      "type": "time",
      "bars": 10
    }
  }
}
