{
  "ETHUSDT": {
    "timeframes": [15],
    "main_timeframe": 15,
    "strategy_type": "contrarian",
    "trend_filter": false,
    "entry_conditions": {
      "rsi_threshold": 35,
      "adx_min": 20,
      "volume_filter": 1.0
    },
    "risk": {
      "leverage": 4,
      "maker_fee": 0.0001,
      "taker_fee": 0.0006,
      "expected_maker_ratio": 0.5,
      "slippage_rate": 0.0005
    },
    "tp_mult": 2.2,
    "sl_mult": 1.2,
    "use_trailing_stop": false,
    "trailing_atr_mult": 2.0,

    "entry_splits": [1.0],
    "tp_strategy": [
      { "tp_mult": 1.5, "close_ratio": 0.5 }
    ],
    "exit": {
      "type": "time",
      "bars": 8
    }
  }
}
