{
  "LINKUSDT": {
    "timeframes": [15],
    "main_timeframe": 15,
    "strategy_type": "trend",
    "trend_filter": false,
    "entry_conditions": {
      "rsi_threshold": 32,
      "adx_min": 20,
      "volume_filter": 1.0
    },
    "risk": {
      "leverage": 3,
      "maker_fee": 0.0001,
      "taker_fee": 0.0006,
      "expected_maker_ratio": 0.5,
      "slippage_rate": 0.0006
    },
    "tp_mult": 2.0,
    "sl_mult": 1.0,
    "use_trailing_stop": false,
    "entry_splits": [1.0],
    "tp_strategy": [
      { "tp_mult":1.0, "close_ratio":0.5 }
    ],
    "exit": {
      "type": "time",
      "bars": 12
    }
  }
}
