{
  "OPUSDT": {
    "timeframes": [15],
    "main_timeframe": 15,
    "strategy_type": "trend",
    "trend_filter": true,
    "entry_conditions": {
      "rsi_threshold": 30,
      "adx_min": 25,
      "volume_filter": 1.2
    },
    "risk": {
      "leverage": 5,
      "maker_fee": 0.0001,
      "taker_fee": 0.0006,
      "expected_maker_ratio": 0.4,
      "slippage_rate": 0.0007
    },
    "tp_mult": 1.8,
    "sl_mult": 1.2,
    "use_trailing_stop": true,
    "trailing_atr_mult": 2.0,
    "entry_splits": [1.0, 0.995],
    "tp_strategy": [
      { "tp_mult":1.0, "close_ratio":0.5 },
      { "tp_mult":2.0, "close_ratio":0.3 }
    ],
    "exit": {
      "type": "time",
      "bars": 10
    }
  }
}

