{
  "SUIUSDT": {
    "timeframes": [5,15],
    "main_timeframe": 15,
    "strategy_type": "trend",
    "trend_filter": false,
    "entry_conditions": {
      "rsi_threshold": 25,
      "macd_hist_cross": false,
      "adx_min": 0,
      "volume_filter": 1.0
    },
    "risk": {
      "leverage": 5,
      "maker_fee": 0.0001,
      "taker_fee": 0.0006,
      "expected_maker_ratio": 0.6,
      "slippage_rate": 0.0009
    },
    "tp_mult": 1.8,
    "sl_mult": 1.2,
    "use_trailing_stop": true,
    "trailing_atr_mult": 2.2,
    "entry_splits": [1.0, 0.995, 0.99],
    "tp_strategy": [
      { "tp_mult":1.0, "close_ratio":0.5 },
      { "tp_mult":1.8, "close_ratio":0.3 }
    ],
    "exit": {
      "type": "time",
      "bars": 15
    }
  }
}
